Series Name,Series Code,Country Name,Country Code,2000 [YR2000],2001 [YR2001],2002 [YR2002],2003 [YR2003],2004 [YR2004],2005 [YR2005],2006 [YR2006],2007 [YR2007],2008 [YR2008],2009 [YR2009],2010 [YR2010],2011 [YR2011],2012 [YR2012],2013 [YR2013],2014 [YR2014],2015 [YR2015],2016 [YR2016],2017 [YR2017],2018 [YR2018],2019 [YR2019]
Superficie (kilómetros cuadrados),AG.SRF.TOTL.K2,Estados Unidos,USA,9632030,9632030,9632030,9632030,9632030,9632030,9632030,9632030,9831510,9831510,9831510,9831510,9831510,9831510,9831510,9831510,9831510,9831510,9831510,..
Superficie (kilómetros cuadrados),AG.SRF.TOTL.K2,Unión Europea,EUU,4384964.995,4384984.995,4385294.995,4385644.995,4385414.995,4385434.995,4385724.995,4385704.995,4385719.995,4385855.996,4386039.99,4386021.997,4383341.997,4384062.192,4384082.593,4384131.577,4384317.593,4384317.593,4384317.593,..
Superficie (kilómetros cuadrados),AG.SRF.TOTL.K2,Japón,JPN,377800,377880,377890,377900,377910,377910,377920,377930,377940,377946.9922,377950,377955,377960,377961.9922,377961.9922,377971.0156,377970,377970,377970,..
Superficie (kilómetros cuadrados),AG.SRF.TOTL.K2,Mundo,WLD,131606512.3,131606902.7,131607327.4,131607728.8,131605872.8,131607830.2,131608165.1,131608206.1,131807675.1,131805348.1,131805574.2,131805826.4,131803288.4,132047813.1,132046109.5,132048793.1,132036620.8,132036620.8,132025199.4,..
"INB, método Atlas (US$ a precios actuales)",NY.GNP.ATLS.CD,Estados Unidos,USA,1.01476E+13,1.04622E+13,1.07327E+13,1.15364E+13,1.27405E+13,1.36514E+13,1.42856E+13,1.46083E+13,1.48947E+13,1.46437E+13,1.51542E+13,1.57569E+13,1.65605E+13,1.70489E+13,1.77765E+13,1.81914E+13,1.84673E+13,1.91948E+13,2.06363E+13,..
"INB, método Atlas (US$ a precios actuales)",NY.GNP.ATLS.CD,Unión Europea,EUU,7.92274E+12,7.63902E+12,7.51566E+12,8.52356E+12,1.04085E+13,1.202E+13,1.29333E+13,1.38807E+13,1.51265E+13,1.52178E+13,1.53242E+13,1.55121E+13,1.52305E+13,1.54056E+13,1.54317E+13,1.48515E+13,1.43413E+13,1.41887E+13,1.54005E+13,..
"INB, método Atlas (US$ a precios actuales)",NY.GNP.ATLS.CD,Japón,JPN,4.59516E+12,4.67588E+12,4.43418E+12,4.47955E+12,4.89955E+12,5.18264E+12,5.10506E+12,4.9593E+12,4.97518E+12,4.9676E+12,5.56286E+12,5.99237E+12,6.31511E+12,6.15274E+12,5.5935E+12,4.93769E+12,4.811E+12,4.87747E+12,5.2266E+12,..
"INB, método Atlas (US$ a precios actuales)",NY.GNP.ATLS.CD,Mundo,WLD,3.35619E+13,3.38481E+13,3.4018E+13,3.69971E+13,4.26845E+13,4.78895E+13,5.17271E+13,5.58169E+13,6.04966E+13,6.14418E+13,6.5151E+13,6.93426E+13,7.43833E+13,7.79729E+13,7.977E+13,7.82225E+13,7.71933E+13,7.84777E+13,8.44671E+13,..
"INB per cápita, método Atlas (US$ a precios actuales)",NY.GNP.PCAP.CD,Estados Unidos,USA,35960,36710,37310,39770,43510,46190,47880,48500,48980,47730,48990,50570,52770,53950,55850,56740,57180,59060,63170,..
"INB per cápita, método Atlas (US$ a precios actuales)",NY.GNP.PCAP.CD,Unión Europea,EUU,18453.78928,17769.46986,17442.49835,19711.49104,23980.55249,27595.18236,29595.79761,31657.20526,34387.96846,34513.98129,34706.77318,35195.10875,34505.20171,34817.3062,34789.15978,33408.39659,32192.6333,31803.79783,34469.53753,..
"INB per cápita, método Atlas (US$ a precios actuales)",NY.GNP.PCAP.CD,Japón,JPN,36230,36770,34790,35070,38350,40560,39930,38740,38850,38800,43440,46880,49480,48280,43950,38840,37880,38470,41310,..
"INB per cápita, método Atlas (US$ a precios actuales)",NY.GNP.PCAP.CD,Mundo,WLD,5489.007619,5464.886095,5423.078198,5824.505439,6636.621611,7354.154524,7845.857253,8362.794091,8952.928033,8982.860409,9411.830465,9901.43096,10496.84895,10874.58529,10995.40241,10657.50827,10396.30653,10449.85709,11124.50355,..
"INB, PPA (a $ internacionales actuales)",NY.GNP.MKTP.PP.CD,Estados Unidos,USA,1.03839E+13,1.07437E+13,1.10543E+13,1.15303E+13,1.2314E+13,1.31697E+13,1.4073E+13,1.45432E+13,1.46846E+13,1.43987E+13,1.51267E+13,1.58322E+13,1.66707E+13,1.71759E+13,1.80575E+13,1.87043E+13,1.90452E+13,1.98303E+13,2.08373E+13,..
"INB, PPA (a $ internacionales actuales)",NY.GNP.MKTP.PP.CD,Unión Europea,EUU,9.45079E+12,9.91334E+12,1.03438E+13,1.06035E+13,1.11671E+13,1.16455E+13,1.27003E+13,1.35247E+13,1.41881E+13,1.40165E+13,1.44974E+13,1.51837E+13,1.54398E+13,1.60051E+13,1.64598E+13,1.69393E+13,1.80531E+13,1.90917E+13,1.98453E+13,..
"INB, PPA (a $ internacionales actuales)",NY.GNP.MKTP.PP.CD,Japón,JPN,3.45293E+12,3.54635E+12,3.63973E+12,3.75254E+12,3.95015E+12,4.13344E+12,4.34152E+12,4.54881E+12,4.5732E+12,4.35489E+12,4.59653E+12,4.70273E+12,4.87384E+12,5.1338E+12,5.16603E+12,5.33331E+12,5.25073E+12,5.36218E+12,5.44191E+12,..
"INB, PPA (a $ internacionales actuales)",NY.GNP.MKTP.PP.CD,Mundo,WLD,4.8562E+13,5.09395E+13,5.33436E+13,5.62994E+13,6.08959E+13,6.56034E+13,7.22094E+13,7.80252E+13,8.24213E+13,8.31847E+13,8.87069E+13,9.46132E+13,9.98664E+13,1.04509E+14,1.08781E+14,1.10991E+14,1.15047E+14,1.21249E+14,1.28205E+14,..
"INB per cápita, PPA (a $ internacionales actuales)",NY.GNP.PCAP.PP.CD,Estados Unidos,USA,36800,37700,38430,39740,42060,44570,47160,48280,48290,46940,48900,50820,53120,54360,56730,58340,58970,61020,63780,..
"INB per cápita, PPA (a $ internacionales actuales)",NY.GNP.PCAP.PP.CD,Unión Europea,EUU,22012.94883,23059.88468,24006.00379,24521.62248,25728.18648,26735.43656,29062.62122,30845.39279,32254.8318,31789.38798,32834.35359,34449.88193,34979.57966,36172.12357,37106.971,38104.83182,40524.53356,42793.87231,44417.77086,..
"INB per cápita, PPA (a $ internacionales actuales)",NY.GNP.PCAP.PP.CD,Japón,JPN,27220,27890,28560,29380,30920,32350,33960,35540,35710,34010,35890,36790,38190,40280,40590,41950,41350,42290,43010,..
"INB per cápita, PPA (a $ internacionales actuales)",NY.GNP.PCAP.PP.CD,Mundo,WLD,7942.251914,8224.350834,8503.933238,8863.303582,9468.130636,10074.38831,10952.56835,11690.16825,12197.575,12161.70395,12814.7618,13509.82859,14092.98702,14575.53317,14994.25056,15122.01872,15494.41588,16145.10029,16884.81956,..
"Esperanza de vida al nacer, total (años)",SP.DYN.LE00.IN,Estados Unidos,USA,76.63658537,76.83658537,76.93658537,77.03658537,77.48780488,77.48780488,77.68780488,77.98780488,78.03902439,78.3902439,78.54146341,78.64146341,78.74146341,78.74146341,78.84146341,78.6902439,78.53902439,78.53902439,78.53902439,..
"Esperanza de vida al nacer, total (años)",SP.DYN.LE00.IN,Unión Europea,EUU,77.0784478,77.42548337,77.53272154,77.59066198,78.11740337,78.27101125,78.66892327,78.90203603,79.12549887,79.35722834,79.62942606,80.13777288,80.15688815,80.46374093,80.87044758,80.56680714,80.94309246,80.92334804,80.97050204,..
"Esperanza de vida al nacer, total (años)",SP.DYN.LE00.IN,Japón,JPN,81.07609756,81.41707317,81.56341463,81.76,82.0302439,81.92512195,82.32195122,82.50707317,82.58756098,82.93146341,82.84268293,82.59121951,83.09609756,83.33195122,83.58780488,83.79390244,83.98487805,84.0997561,84.21097561,..
"Esperanza de vida al nacer, total (años)",SP.DYN.LE00.IN,Mundo,WLD,67.54925247,67.82180184,68.07042549,68.32699099,68.65234589,68.92032325,69.2624253,69.5920782,69.89930343,70.24657834,70.55620919,70.884128,71.17172374,71.46224,71.74237977,71.94752332,72.18048434,72.38529644,72.56005583,..
"Tasa de fertilidad, total (nacimientos por cada mujer)",SP.DYN.TFRT.IN,Estados Unidos,USA,2.056,2.0305,2.0205,2.0475,2.0515,2.057,2.108,2.12,2.072,2.002,1.931,1.8945,1.8805,1.8575,1.8625,1.8435,1.8205,1.7655,1.7295,..
"Tasa de fertilidad, total (nacimientos por cada mujer)",SP.DYN.TFRT.IN,Unión Europea,EUU,1.441287139,1.422973089,1.42115651,1.432436708,1.455968989,1.467912668,1.494461292,1.516472484,1.567082026,1.559627754,1.567309708,1.533534004,1.5332705,1.507338113,1.53528332,1.537246397,1.566146365,1.557486008,1.543452257,..
"Tasa de fertilidad, total (nacimientos por cada mujer)",SP.DYN.TFRT.IN,Japón,JPN,1.359,1.33,1.32,1.29,1.29,1.26,1.32,1.34,1.37,1.37,1.39,1.39,1.41,1.43,1.42,1.45,1.44,1.43,1.42,..
"Tasa de fertilidad, total (nacimientos por cada mujer)",SP.DYN.TFRT.IN,Mundo,WLD,2.696020805,2.666310244,2.643704469,2.624844489,2.608569007,2.588011689,2.577129359,2.56712824,2.555065073,2.534291531,2.516407987,2.498808327,2.489384884,2.473018583,2.465647508,2.456263749,2.445575653,2.428196238,2.415032205,..
Prevalencia de uso de métodos anticonceptivos (% de mujeres entre 15 y 49 años),SP.DYN.CONU.ZS,Estados Unidos,USA,..,..,72.8,..,..,..,..,77.1,76.4,..,76.4,..,74.1,74.1,72.70028,..,75.93718106,..,..,..
Prevalencia de uso de métodos anticonceptivos (% de mujeres entre 15 y 49 años),SP.DYN.CONU.ZS,Unión Europea,EUU,..,..,..,..,..,..,..,..,..,..,..,..,..,..,72.26245376,..,..,..,..,..
Prevalencia de uso de métodos anticonceptivos (% de mujeres entre 15 y 49 años),SP.DYN.CONU.ZS,Japón,JPN,55.9,..,..,..,52,54.3,..,..,..,..,..,..,..,..,54.7,39.8,..,..,..,..
Prevalencia de uso de métodos anticonceptivos (% de mujeres entre 15 y 49 años),SP.DYN.CONU.ZS,Mundo,WLD,60.2404894,..,..,..,..,..,..,..,..,..,..,..,..,..,62.45726141,..,..,..,..,..
Nacimientos asistidos por personal de salud capacitado (% del total),SH.STA.BRTC.ZS,Estados Unidos,USA,99.4,99.4,99.5,99.3,99.3,99.4,99.4,99.3,99.3,99.3,99.2,99.3,99.3,99.2,98.5,99.1,..,..,..,..
Nacimientos asistidos por personal de salud capacitado (% del total),SH.STA.BRTC.ZS,Unión Europea,EUU,99.39300582,..,..,..,..,..,..,..,..,..,98.79732087,..,..,..,..,..,98.53801683,..,..,..
Nacimientos asistidos por personal de salud capacitado (% del total),SH.STA.BRTC.ZS,Japón,JPN,99.8,99.8,99.8,99.8,99.8,99.8,99.8,99.8,99.8,99.8,99.8,99.8,99.8,..,99.8,99.9,..,..,..,..
Nacimientos asistidos por personal de salud capacitado (% del total),SH.STA.BRTC.ZS,Mundo,WLD,62.68208273,..,..,..,..,..,..,..,..,..,70.07007388,..,..,..,..,..,80.97133963,..,..,..
"Tasa de mortalidad, menores de 5 años (por cada 1.000)",SH.DYN.MORT,Estados Unidos,USA,8.4,8.3,8.2,8.1,8.1,8,7.9,7.7,7.6,7.5,7.3,7.2,7.1,7,6.9,6.8,6.7,6.6,6.5,..
"Tasa de mortalidad, menores de 5 años (por cada 1.000)",SH.DYN.MORT,Unión Europea,EUU,7.155024666,6.851252913,6.602451278,6.358943143,6.126993384,5.878895984,5.607413359,5.367537311,5.142007349,4.960946745,4.827749757,4.676127254,4.559832882,4.46021497,4.331895993,4.223671651,4.109795177,4.001131254,3.887195734,..
"Tasa de mortalidad, menores de 5 años (por cada 1.000)",SH.DYN.MORT,Japón,JPN,4.5,4.3,4.1,4,3.9,3.7,3.6,3.5,3.4,3.3,3.2,3.4,3,2.9,2.8,3,2.7,2.6,2.5,..
"Tasa de mortalidad, menores de 5 años (por cada 1.000)",SH.DYN.MORT,Mundo,WLD,76.4,73.8,71.1,68.4,65.9,63,60.4,57.9,55.6,53.2,51.3,49,47.1,45.4,43.8,42.4,41.1,39.8,38.6,..
"Tasa de finalización de la educación de nivel primario, total (% del grupo etario correspondiente)",SE.PRM.CMPT.ZS,Estados Unidos,USA,..,..,..,..,..,..,..,..,..,..,..,..,..,..,..,..,..,98.8322,..,..
"Tasa de finalización de la educación de nivel primario, total (% del grupo etario correspondiente)",SE.PRM.CMPT.ZS,Unión Europea,EUU,97.76476,98.82216,97.94525,98.11234,97.92248,96.75162,96.40678,97.20971,97.1014,97.04903,97.36161,97.44744,96.8082,96.74014,96.57399,97.33527,96.66967,97.19801,97.26261,..
"Tasa de finalización de la educación de nivel primario, total (% del grupo etario correspondiente)",SE.PRM.CMPT.ZS,Japón,JPN,..,..,..,..,..,..,..,..,..,..,..,..,..,..,..,..,..,..,..,..
"Tasa de finalización de la educación de nivel primario, total (% del grupo etario correspondiente)",SE.PRM.CMPT.ZS,Mundo,WLD,81.77908,82.60549,83.26699,84.00906,84.54358,85.33132,85.80875,86.78066,88.33477,89.02232,88.79363,88.23209,89.14018,89.18956,88.93665,88.63873,88.73469,89.01403,89.58919,..
"Inscripción escolar, nivel primario (% bruto)",SE.PRM.ENRR,Estados Unidos,USA,..,..,..,..,..,101.87402,..,..,..,..,100.33347,99.38988,99.16532,99.45544,99.67338,100.29991,101.36286,101.82144,..,..
"Inscripción escolar, nivel primario (% bruto)",SE.PRM.ENRR,Unión Europea,EUU,102.4513,102.2513,101.727,101.5552,102.3,102.8173,102.8213,102.8193,103.0471,102.7845,102.7011,102.5409,102.7609,103.4077,102.0661,101.9494,101.604,101.9404,101.9467,..
"Inscripción escolar, nivel primario (% bruto)",SE.PRM.ENRR,Japón,JPN,..,..,..,..,..,..,..,..,..,..,..,..,..,..,..,..,..,..,..,..
"Inscripción escolar, nivel primario (% bruto)",SE.PRM.ENRR,Mundo,WLD,98.7694,99.56456,99.84207,101.3847,101.8789,102.1933,102.2821,103.0563,103.4182,103.3007,103.1511,103.4867,104.1734,104.0195,102.7814,102.5117,103.9504,103.6537,103.9455,..
"Inscripción escolar, nivel secundario (% bruto)",SE.SEC.ENRR,Estados Unidos,USA,..,..,..,..,..,95.05248,..,..,..,..,94.84594,95.99382,96.25171,96.18649,96.92454,97.65255,98.76993,98.95234,..,..
"Inscripción escolar, nivel secundario (% bruto)",SE.SEC.ENRR,Unión Europea,EUU,100.8632,102.0387,102.9368,103.1323,101.7508,103.3882,102.8621,102.7671,103.4227,103.7501,105.0828,104.3131,103.8723,110.2648,110.1928,110.1079,110.1475,110.5769,110.6269,..
"Inscripción escolar, nivel secundario (% bruto)",SE.SEC.ENRR,Japón,JPN,..,..,..,..,..,..,..,..,..,..,..,..,..,..,..,..,..,..,..,..
"Inscripción escolar, nivel secundario (% bruto)",SE.SEC.ENRR,Mundo,WLD,59.93148,60.34813,61.20136,62.19312,63.1664,64.09655,65.28465,66.9504,68.57447,69.39923,71.05775,72.25662,73.0725,74.49809,75.31977,75.41746,75.65189,75.37733,75.56108,..
Proporción de niñas con respecto a niños en educación primaria y secundaria (%),SE.ENR.PRSC.FM.ZS,Estados Unidos,USA,..,..,..,..,..,1.00387,..,..,..,..,1.0008,1.00434,0.9949,0.9971,1.00423,1.00508,0.99626,0.99363,..,..
Proporción de niñas con respecto a niños en educación primaria y secundaria (%),SE.ENR.PRSC.FM.ZS,Unión Europea,EUU,1.00193,1.00285,1.0009,1.00192,1.00248,1.0006,0.99945,0.99927,0.99839,0.99553,0.9939,0.99348,0.99312,1.00096,1.00134,1.00083,1.00095,0.99763,0.99792,..
Proporción de niñas con respecto a niños en educación primaria y secundaria (%),SE.ENR.PRSC.FM.ZS,Japón,JPN,..,..,..,..,..,..,..,..,..,..,..,..,..,..,..,..,..,..,..,..
Proporción de niñas con respecto a niños en educación primaria y secundaria (%),SE.ENR.PRSC.FM.ZS,Mundo,WLD,0.92124,0.92497,0.92742,0.94474,0.94585,0.95044,0.95423,0.95847,0.9652,0.97221,0.97113,0.97362,0.97705,0.99176,0.99382,0.99435,0.99992,0.99767,0.99711,..
Área selvática  (kilómetros cuadrados),AG.LND.FRST.K2,Estados Unidos,USA,3035360,3037801.875,3040244.063,3042685.938,3045128.125,3047570,3055495.938,3063421.875,3071348.125,3079274.063,3087200,3089950,3092700,3095450,3098200,3100950,3103700,..,..,..
Área selvática  (kilómetros cuadrados),AG.LND.FRST.K2,Unión Europea,EUU,1547363.495,1551368.307,1555372.991,1559377.702,1563382.505,1567387.299,1572379.885,1577372.405,1582365.207,1587357.705,1592350.192,1596042.604,1599735.105,1603427.497,1607120,1610812.392,1614504.803,..,..,..
Área selvática  (kilómetros cuadrados),AG.LND.FRST.K2,Japón,JPN,248760,248878.0078,248995.9961,249114.0039,249231.9922,249350,249411.9922,249474.0039,249535.9961,249598.0078,249660,249644.0039,249628.0078,249611.9922,249595.9961,249580,249564.0039,..,..,..
Área selvática  (kilómetros cuadrados),AG.LND.FRST.K2,Mundo,WLD,40556022.3,40510303.3,40464584.1,40418865.2,40373146,40327427,40293287.6,40259147.7,40225008.7,40190869.1,40156729.7,40123639.2,40090560.5,40057482,40024403.3,39991324.6,39958245.9,..,..,..
Áreas protegidas terrestres y marinas (% del total de la superficie territorial),ER.PTD.TOTL.ZS,Estados Unidos,USA,..,..,..,..,..,..,..,..,..,..,..,..,..,..,..,..,26.32619972,26.3280836,26.3280836,..
Áreas protegidas terrestres y marinas (% del total de la superficie territorial),ER.PTD.TOTL.ZS,Unión Europea,EUU,..,..,..,..,..,..,..,..,..,..,..,..,..,..,..,..,21.56209653,23.40224129,23.40224129,..
Áreas protegidas terrestres y marinas (% del total de la superficie territorial),ER.PTD.TOTL.ZS,Japón,JPN,..,..,..,..,..,..,..,..,..,..,..,..,..,..,..,..,2.091836213,10.02628871,10.02628871,..
Áreas protegidas terrestres y marinas (% del total de la superficie territorial),ER.PTD.TOTL.ZS,Mundo,WLD,..,..,..,..,..,..,..,..,..,..,..,..,..,..,..,..,13.47769004,14.48814759,14.48816395,..
"Extracción anual de agua dulce, total (% de recursos internos)",ER.H2O.FWTL.ZS,Estados Unidos,USA,..,..,16.80269695,..,..,..,..,16.98367637,..,..,..,..,14.85805536,..,14.85805536,..,..,..,..,..
"Extracción anual de agua dulce, total (% de recursos internos)",ER.H2O.FWTL.ZS,Unión Europea,EUU,..,..,..,..,..,..,..,..,..,..,..,..,..,..,15.17876135,..,..,..,..,..
"Extracción anual de agua dulce, total (% de recursos internos)",ER.H2O.FWTL.ZS,Japón,JPN,..,..,19.64186047,..,..,..,..,19.24418605,..,..,..,..,18.88837209,..,..,..,..,..,..,..
"Extracción anual de agua dulce, total (% de recursos internos)",ER.H2O.FWTL.ZS,Mundo,WLD,..,..,..,..,..,..,..,..,..,..,..,..,..,..,..,..,..,..,..,..
Uso de energía (kg de equivalente de petróleo per cápita),EG.USE.PCAP.KG.OE,Estados Unidos,USA,8056.86385,7827.886325,7843.344849,7794.23553,7881.578642,7846.499688,7697.652535,7758.165986,7488.081921,7056.783653,7161.553355,7030.554961,6873.049271,6907.04604,6962.549817,6806.199939,..,..,..,..
Uso de energía (kg de equivalente de petróleo per cápita),EG.USE.PCAP.KG.OE,Unión Europea,EUU,3428.661113,3515.391675,3512.786201,3576.491125,3607.686821,3605.868938,3618.557858,3554.9139,3533.836425,3321.340744,3448.023623,3335.592115,3288.247317,3242.639181,3123.59574,3278.352078,..,..,..,..
Uso de energía (kg de equivalente de petróleo per cápita),EG.USE.PCAP.KG.OE,Japón,JPN,4083.831697,4008.268032,3991.977567,3953.184508,4078.210542,4062.979049,4053.883437,4012.654245,3858.434521,3678.511133,3893.266604,3610.812169,3537.36317,3567.629354,3470.763129,3428.557216,..,..,..,..
Uso de energía (kg de equivalente de petróleo per cápita),EG.USE.PCAP.KG.OE,Mundo,WLD,1636.702951,1635.961126,1648.708201,1687.918536,1739.255073,1766.474106,1796.000815,1823.393597,1828.988166,1795.509366,1873.918378,1880.98072,1893.233657,1896.27124,1922.71449,..,..,..,..,..
Emisiones de CO2 (toneladas métricas per cápita),EN.ATM.CO2E.PC,Estados Unidos,USA,20.17875051,19.63650507,19.61340408,19.56410453,19.65837118,19.59188523,19.09406652,19.21789784,18.46176387,17.15773779,17.4431109,16.97821793,16.31271775,16.3267835,16.50726562,..,..,..,..,..
Emisiones de CO2 (toneladas métricas per cápita),EN.ATM.CO2E.PC,Unión Europea,EUU,9.111866103,9.299227844,9.222938274,9.359282395,9.345066124,9.274367067,9.317586512,9.13044265,8.900912011,8.168338978,8.402045816,8.095551877,7.916148976,7.732674393,7.308419544,..,..,..,..,..
Emisiones de CO2 (toneladas métricas per cápita),EN.ATM.CO2E.PC,Japón,JPN,9.622351624,9.464308709,9.573130135,9.725282059,9.909203497,9.698882518,9.632048618,9.782963899,9.449533972,8.620816388,9.148316038,9.317426666,9.63862829,9.780815065,9.538706103,..,..,..,..,..
Emisiones de CO2 (toneladas métricas per cápita),EN.ATM.CO2E.PC,Mundo,WLD,4.037998997,4.08099235,4.088595402,4.258175677,4.414654032,4.528637273,4.636507172,4.671637175,4.762573744,4.6626331,4.835481716,4.975877283,5.005593896,4.998131408,4.981255911,..,..,..,..,..
Consumo de energía eléctrica (kWh per cápita),EG.USE.ELEC.KH.PC,Estados Unidos,USA,13671.05202,13046.61415,13296.1823,13307.49201,13388.58971,13704.57705,13583.26696,13657.45283,13663.42797,12913.71469,13395.13993,13247.01313,12966.11593,13006.7492,12997.44863,..,..,..,..,..
Consumo de energía eléctrica (kWh per cápita),EG.USE.ELEC.KH.PC,Unión Europea,EUU,5780.196943,5916.933866,5996.401186,6127.244075,6242.218521,6295.437647,6380.760753,6405.551689,6409.244151,6082.50336,6350.408087,6247.77741,6248.063926,6160.732386,6021.860983,..,..,..,..,..
Consumo de energía eléctrica (kWh per cápita),EG.USE.ELEC.KH.PC,Japón,JPN,8299.409506,8162.014644,8266.099102,8164.933682,8393.257723,8539.010589,8542.478139,8710.025703,8270.007731,8020.273806,8594.909034,8099.598695,7998.346771,7988.58331,7819.714636,..,..,..,..,..
Consumo de energía eléctrica (kWh per cápita),EG.USE.ELEC.KH.PC,Mundo,WLD,2386.71871,2380.336791,2435.10114,2500.48568,2578.352701,2656.148469,2732.424814,2822.07802,2843.367816,2793.869307,2957.943078,3023.191203,3050.214896,3110.501656,3132.506343,..,..,..,..,..
PIB (US$ a precios actuales),NY.GDP.MKTP.CD,Estados Unidos,USA,1.02523E+13,1.05818E+13,1.09364E+13,1.14582E+13,1.22137E+13,1.30366E+13,1.38146E+13,1.44519E+13,1.47128E+13,1.44489E+13,1.49921E+13,1.55426E+13,1.6197E+13,1.67848E+13,1.75217E+13,1.82193E+13,1.87072E+13,1.94854E+13,2.05443E+13,..
PIB (US$ a precios actuales),NY.GDP.MKTP.CD,Unión Europea,EUU,7.25806E+12,7.38594E+12,8.0477E+12,9.90917E+12,1.13961E+13,1.19022E+13,1.26998E+13,1.47071E+13,1.62344E+13,1.47074E+13,1.45401E+13,1.57403E+13,1.46345E+13,1.52913E+13,1.56312E+13,1.35452E+13,1.3882E+13,1.47011E+13,1.59128E+13,..
PIB (US$ a precios actuales),NY.GDP.MKTP.CD,Japón,JPN,4.88752E+12,4.30354E+12,4.11512E+12,4.44566E+12,4.81515E+12,4.75541E+12,4.53038E+12,4.51526E+12,5.03791E+12,5.23138E+12,5.7001E+12,6.15746E+12,6.20321E+12,5.15572E+12,4.85041E+12,4.38948E+12,4.92667E+12,4.85995E+12,4.97132E+12,..
PIB (US$ a precios actuales),NY.GDP.MKTP.CD,Mundo,WLD,3.35886E+13,3.33968E+13,3.4675E+13,3.89037E+13,4.38175E+13,4.74577E+13,5.14479E+13,5.79681E+13,6.36104E+13,6.03343E+13,6.60492E+13,7.33915E+13,7.50827E+13,7.72362E+13,7.93344E+13,7.50518E+13,7.61665E+13,8.09632E+13,8.59308E+13,..
Crecimiento del PIB (% anual),NY.GDP.MKTP.KD.ZG,Estados Unidos,USA,4.127484014,0.998340795,1.74169525,2.861210767,3.798891127,3.513213797,2.854972292,1.876171458,-0.136579805,-2.536757066,2.563766559,1.550835506,2.249545852,1.842081071,2.451973035,2.880910466,1.56721517,2.21701033,2.927322728,..
Crecimiento del PIB (% anual),NY.GDP.MKTP.KD.ZG,Unión Europea,EUU,3.906816823,2.189414103,1.122726427,0.925509318,2.602436512,1.931168154,3.493368789,3.156143642,0.652745889,-4.326979506,2.205425256,1.833849094,-0.745618663,-0.060615965,1.584910826,2.352355943,2.060907402,2.723967075,2.12651009,..
Crecimiento del PIB (% anual),NY.GDP.MKTP.KD.ZG,Japón,JPN,2.779632825,0.406335903,0.117992777,1.528220148,2.204687882,1.662670405,1.420006556,1.654183881,-1.0935406,-5.416412797,4.191739259,-0.11542134,1.495089586,2.000267841,0.374719476,1.222921041,0.609093181,1.928757251,0.788455876,..
Crecimiento del PIB (% anual),NY.GDP.MKTP.KD.ZG,Mundo,WLD,4.383559656,1.949645072,2.176793305,2.956952791,4.401294922,3.913302135,4.37754215,4.319068335,1.850115248,-1.678389139,4.299174973,3.132456716,2.507625725,2.655491973,2.835049655,2.857257012,2.585116468,3.19656184,3.058394604,..
"Inflación, índice de deflación del PIB (% anual)",NY.GDP.DEFL.KD.ZG,Estados Unidos,USA,2.235474409,2.193425342,1.581763007,1.857095203,2.692212124,3.114942343,3.026204651,2.686278862,1.945131748,0.762349987,1.165250545,2.088903777,1.917849007,1.754915748,1.891891294,1.069341659,1.093525424,1.900777538,2.435950607,..
"Inflación, índice de deflación del PIB (% anual)",NY.GDP.DEFL.KD.ZG,Unión Europea,EUU,3.329704778,3.474752003,3.27434188,2.682816524,2.709268188,2.543104656,2.899073822,2.966345148,3.252863256,1.67883896,0.940413625,1.650202753,1.675270124,1.279986994,0.918221819,1.118745874,0.858465884,1.511910225,2.041247784,..
"Inflación, índice de deflación del PIB (% anual)",NY.GDP.DEFL.KD.ZG,Japón,JPN,-1.383685532,-1.104516896,-1.458286043,-1.616981143,-1.100735877,-1.037434652,-0.883377798,-0.729479771,-0.980895409,-0.611272559,-1.895163535,-1.674325774,-0.761554976,-0.333177012,1.745314197,2.145396779,0.267580429,-0.220084775,-0.08566228,..
"Inflación, índice de deflación del PIB (% anual)",NY.GDP.DEFL.KD.ZG,Mundo,WLD,4.493794716,3.722532478,3.463615639,3.933545203,5.599649283,5.781251843,5.510095283,5.440702018,7.819765484,2.368457315,4.229784999,5.662656747,3.576513521,2.308000009,1.9115038,2.109379153,1.813470021,3.323538056,2.753647074,..
"Agricultura, valor agregado (% del PIB)",NV.AGR.TOTL.ZS,Estados Unidos,USA,1.150456365,1.129325505,0.970430947,1.11525742,1.25866008,1.142255277,1.000677774,1.066822142,1.065783136,0.968572536,1.042481339,1.216487537,1.158828949,1.333513679,1.188655615,1.042560917,0.940404126,0.91647932,..,..
"Agricultura, valor agregado (% del PIB)",NV.AGR.TOTL.ZS,Unión Europea,EUU,2.354744411,2.368006819,2.178369212,2.094100866,2.089715971,1.798839619,1.683231066,1.69465741,1.634598658,1.502260058,1.625432458,1.707242129,1.697990607,1.747719761,1.714151545,1.662216015,1.619581981,1.714677612,1.650709525,..
"Agricultura, valor agregado (% del PIB)",NV.AGR.TOTL.ZS,Japón,JPN,1.53599921,1.382606285,1.392110874,1.31480225,1.242328185,1.125363648,1.094291543,1.06090374,1.058408648,1.082612702,1.10225982,1.075418923,1.141795695,1.104187087,1.056266492,1.113905411,1.211075505,1.189256935,..,..
"Agricultura, valor agregado (% del PIB)",NV.AGR.TOTL.ZS,Mundo,WLD,4.858698254,4.768661899,4.658764647,4.526927322,4.43094679,4.057502632,3.808414326,3.764939759,3.741060194,3.684841508,3.660851145,3.704994827,3.639134791,3.687644346,3.590446195,3.523696883,3.524104226,3.431778609,..,..
"Industria, valor agregado (% del PIB)",NV.IND.TOTL.ZS,Estados Unidos,USA,22.45438622,21.47399167,20.64126077,20.73930729,20.96034469,21.22349122,21.59385385,21.44612944,20.86073748,19.3240035,19.35529155,19.41690096,19.15598525,19.25820129,19.29659363,18.52413788,17.95490244,18.20794002,..,..
"Industria, valor agregado (% del PIB)",NV.IND.TOTL.ZS,Unión Europea,EUU,25.44247051,25.16886399,24.76798253,24.43684441,24.4178291,24.25285274,24.4581136,24.44487995,24.1126354,22.73057039,22.92897047,22.93119669,22.66063911,22.30404672,22.21044396,22.41504244,22.44761872,22.38063751,22.37869849,..
"Industria, valor agregado (% del PIB)",NV.IND.TOTL.ZS,Japón,JPN,32.75825603,31.26985402,30.53965397,30.41540301,30.29861484,30.1993884,29.98259375,29.88249504,29.00529022,27.27246727,28.44460691,26.8817084,26.74805013,26.9376337,27.68806093,29.01962246,28.90521103,29.1441052,..,..
"Industria, valor agregado (% del PIB)",NV.IND.TOTL.ZS,Mundo,WLD,29.02352262,28.22869142,27.84512338,27.90940755,28.26792687,28.59432282,28.84268949,28.58831968,28.4212337,26.71797523,27.19447542,27.38158614,26.977185,26.60486012,26.38739376,25.55280149,25.12076347,25.43693666,..,..
Exportaciones de bienes y servicios (% del PIB),NE.EXP.GNFS.ZS,Estados Unidos,USA,10.69272396,9.68298331,9.13224882,9.043069872,9.641862742,10.01197377,10.6598221,11.49231417,12.48606313,10.94887766,12.31505808,13.53053901,13.52891897,13.54452444,13.53577393,12.44175298,11.8703515,12.09483379,12.21869175,..
Exportaciones de bienes y servicios (% del PIB),NE.EXP.GNFS.ZS,Unión Europea,EUU,35.85343609,35.78956838,35.07883802,34.39404431,36.04063924,37.4321479,39.56960309,40.59247666,40.98009433,36.17156826,40.04178016,42.78218789,44.21678333,44.29340595,44.89432242,45.75770219,45.23463665,46.76096441,47.21585786,..
Exportaciones de bienes y servicios (% del PIB),NE.EXP.GNFS.ZS,Japón,JPN,10.62448501,10.22909915,11.01822103,11.63929347,12.97203231,14.01244112,15.8729023,17.49331657,17.42403772,12.52091416,15.03675698,14.92499621,14.54475256,15.91539812,17.54030155,17.61097554,16.25276313,17.77422628,18.4482975,..
Exportaciones de bienes y servicios (% del PIB),NE.EXP.GNFS.ZS,Mundo,WLD,26.02588849,25.31343539,25.30039729,25.8340919,27.50455411,28.64199997,29.8401328,30.09223112,30.75989087,26.56161455,28.96553838,30.55988768,30.62869437,30.40174942,30.17910337,29.31275621,28.45969739,29.42649124,30.10606484,..
Importaciones de bienes y servicios (% del PIB),NE.IMP.GNFS.ZS,Estados Unidos,USA,14.35091126,13.15997452,13.02202296,13.4340307,14.710544,15.54402027,16.24032651,16.4634879,17.40073493,13.6926858,15.74289421,17.25875504,17.03926497,16.46848279,16.43307643,15.29501885,14.64364909,15.04748645,15.32521108,..
Importaciones de bienes y servicios (% del PIB),NE.IMP.GNFS.ZS,Unión Europea,EUU,35.30907415,34.57511306,32.99616601,32.70550316,34.13209077,35.94483329,38.39392316,39.30529835,40.05118261,34.50009373,38.50212941,41.21105112,41.45062326,40.89241255,41.27503229,41.68100693,41.05400414,42.72205844,43.53135119,..
Importaciones de bienes y servicios (% del PIB),NE.IMP.GNFS.ZS,Japón,JPN,9.195167703,9.569028977,9.667390329,9.943835932,10.95032415,12.50305266,14.45887932,15.60057191,16.9749827,11.96998576,13.57625073,15.46800676,16.09137113,18.23212413,20.00546825,18.03004518,15.26260741,16.83933447,18.19286408,..
Importaciones de bienes y servicios (% del PIB),NE.IMP.GNFS.ZS,Mundo,WLD,25.1031959,24.66690256,24.33108493,24.97265609,26.60624162,27.58273979,28.63049112,28.974489,30.13901754,25.85233963,28.16862529,29.97762651,29.95177983,29.69755253,29.60106554,28.55854153,27.65275964,28.59511119,29.34533682,..
Formación bruta de capital (% del PIB),NE.GDI.TOTL.ZS,Estados Unidos,USA,23.67514837,22.17694772,21.70813854,21.74222356,22.65857517,23.3803031,23.53918545,22.59249194,21.11901671,17.80458111,18.74310377,19.10352586,20.02088985,20.41374314,20.81267979,21.09905161,20.38756948,20.65898709,21.0055727,..
Formación bruta de capital (% del PIB),NE.GDI.TOTL.ZS,Unión Europea,EUU,23.74436003,23.1279158,22.16530498,22.10864966,22.34113305,22.51486725,23.51505471,24.38325628,23.95296242,20.60716357,21.16339623,21.7308074,20.23483351,19.76954192,20.1578204,20.5946317,20.71624335,21.19501305,21.71902648,..
Formación bruta de capital (% del PIB),NE.GDI.TOTL.ZS,Japón,JPN,27.30713149,26.56051089,24.65550435,24.39723113,24.34862277,24.74947189,24.74862858,24.48344725,24.54784828,21.32367452,21.29748564,22.10330102,22.65442345,23.19090989,23.91610038,24.02266959,23.40740362,23.9029839,24.41354784,..
Formación bruta de capital (% del PIB),NE.GDI.TOTL.ZS,Mundo,WLD,24.53953855,24.04135293,23.45894754,23.92227842,24.781768,25.02400744,25.49948597,25.87662072,25.70215343,23.47786465,24.29998931,24.64215547,24.50464489,24.40168038,24.59317942,24.50782593,24.07166044,24.30704039,24.36633956,..
"Recaudación, excluidas las donaciones (% del PIB)",GC.REV.XGRT.GD.ZS,Estados Unidos,USA,20.57334107,19.51505627,17.38329695,16.7824452,16.85159033,17.93532274,18.63290268,18.68887986,17.78742359,15.70414089,16.47165098,16.69501406,16.81041899,18.87142067,18.94870294,19.0754456,18.65915313,19.55621903,17.18749498,..
"Recaudación, excluidas las donaciones (% del PIB)",GC.REV.XGRT.GD.ZS,Unión Europea,EUU,34.92950251,34.49322254,34.0071426,33.91260703,33.50231104,33.74015137,34.00332329,34.14012162,33.84980716,33.52466197,33.83770431,33.93304178,34.56064107,35.1827566,35.16706062,34.84147575,34.72049253,34.79268643,34.9482509,..
"Recaudación, excluidas las donaciones (% del PIB)",GC.REV.XGRT.GD.ZS,Japón,JPN,11.50442562,11.0252292,10.1438178,9.933940718,10.35126325,11.37539952,11.83940091,11.48368536,10.27964012,9.511686391,9.86805539,10.42898118,10.75713213,11.5400866,12.51054729,12.62672688,12.2942112,12.82525982,13.08902298,..
"Recaudación, excluidas las donaciones (% del PIB)",GC.REV.XGRT.GD.ZS,Mundo,WLD,24.39783287,24.2192937,23.42693299,23.10482775,23.12959138,22.6116253,23.14464069,23.9575894,23.05998071,21.75115202,22.37457167,22.60415494,22.87317733,23.51084756,23.89442581,23.74519137,23.52721692,23.91309896,24.71437126,..
Tiempo necesario para iniciar un negocio (días),IC.REG.DURS,Estados Unidos,USA,..,..,..,..,..,..,..,..,..,..,..,..,..,6.2,5.6,5.6,5.6,5.6,5.6,4.2
Tiempo necesario para iniciar un negocio (días),IC.REG.DURS,Unión Europea,EUU,..,..,..,45.45833333,40,30.58333333,26.84,23.06,20.01923077,17.82692308,16.90384615,16.62962963,16.37037037,15.77777778,14.35185185,13.24074074,12.72222222,12.35185185,13.27777778,12.16296296
Tiempo necesario para iniciar un negocio (días),IC.REG.DURS,Japón,JPN,..,..,..,..,..,..,..,..,..,..,..,..,..,11.6,11.1,11.2,11.1,11.1,11.1,11.2
Tiempo necesario para iniciar un negocio (días),IC.REG.DURS,Mundo,WLD,..,..,..,51.50970149,48.46041667,50.7202454,47.84311377,43.31117647,39.94678363,37.72848837,35.9377907,31.87471264,31.35786517,26.76878307,24.28835979,23.39368421,22.99526316,21.48473684,20.5,19.59528796
Crédito interno proporcionado por el sector financiero (% del PIB),FS.AST.DOMS.GD.ZS,Estados Unidos,USA,81.97074542,86.62982098,88.32728984,89.27767953,89.72956081,91.83778032,94.43655068,98.66435521,101.9203228,103.1548249,97.46110254,99.70590332,99.07123217,103.6309064,105.0841195,104.0713996,106.3299552,106.8362324,102.7067745,..
Crédito interno proporcionado por el sector financiero (% del PIB),FS.AST.DOMS.GD.ZS,Unión Europea,EUU,..,112.8640679,112.3257854,115.047703,115.571466,120.4647889,126.8597404,135.1895899,143.0999314,149.3389364,162.1735185,163.6515368,163.3132569,151.6138941,153.19147,147.3847862,148.0521359,142.3238004,138.9231666,..
Crédito interno proporcionado por el sector financiero (% del PIB),FS.AST.DOMS.GD.ZS,Japón,JPN,234.1328939,228.3737532,225.6882203,227.7119138,223.3833707,220.8156979,214.6908488,208.1439272,214.6358944,234.615108,232.5320138,238.8205943,245.1758455,251.9374747,257.098911,258.7322927,271.7315402,278.1188941,281.3983368,..
Crédito interno proporcionado por el sector financiero (% del PIB),FS.AST.DOMS.GD.ZS,Mundo,WLD,108.4780022,111.4195259,112.2890608,113.9243105,112.5871445,112.0777216,112.7578966,115.2909408,119.1872172,126.1658662,125.5279123,125.6661986,125.887763,124.3668198,128.0288251,132.4324665,139.4977852,138.1098525,139.0527083,..
Recaudación impositiva (% del PIB),GC.TAX.TOTL.GD.ZS,Estados Unidos,USA,12.96903235,11.85782535,9.861419855,9.389222393,9.540177991,10.68382785,11.31127437,11.30738779,10.31601226,7.919453277,8.595732842,9.574003765,9.797156757,10.51994856,10.95123478,11.21470732,10.90191682,11.7642667,9.632587209,..
Recaudación impositiva (% del PIB),GC.TAX.TOTL.GD.ZS,Unión Europea,EUU,19.96982218,19.49234096,19.07223557,18.88514978,18.7074419,19.01401767,19.35945694,19.62716152,19.09670311,18.32235212,18.71223377,18.75806586,19.1233411,19.55855853,19.65640159,19.56453973,19.50789013,19.68306416,19.81905635,..
Recaudación impositiva (% del PIB),GC.TAX.TOTL.GD.ZS,Japón,JPN,10.37225701,9.895928337,9.061598934,8.91896344,9.352694056,10.13701108,10.51274133,10.10618629,8.931591654,8.36891038,8.809784435,9.356818207,9.682412944,10.36061765,11.46920658,11.42357202,11.15496587,11.64194651,11.86637819,..
Recaudación impositiva (% del PIB),GC.TAX.TOTL.GD.ZS,Mundo,WLD,15.66370612,15.26024574,14.37094553,14.16901214,14.30546002,14.42974649,14.82651231,14.98157782,14.41675156,13.17963355,13.4708173,13.82347365,13.92493079,14.22236172,14.33350369,14.35166155,14.24959468,14.68712958,14.97650571,..
Gasto militar (% del PIB),MS.MIL.XPND.GD.ZS,Estados Unidos,USA,2.933440288,2.944343368,3.249548509,3.60728628,3.785570991,3.861064782,3.819579693,3.853905577,4.221691998,4.627103075,4.657000923,4.576704253,4.227818074,3.811198676,3.480897196,3.271831264,3.207892169,3.109010405,3.16286488,..
Gasto militar (% del PIB),MS.MIL.XPND.GD.ZS,Unión Europea,EUU,1.759528531,1.712742418,1.69640911,1.691432823,1.665726887,1.627016494,1.572847129,1.529861492,1.54705905,1.633540154,1.56651109,1.501889761,1.49847625,1.445059238,1.408994664,1.401987975,1.414940451,1.440383675,1.447445509,..
Gasto militar (% del PIB),MS.MIL.XPND.GD.ZS,Japón,JPN,0.931136156,0.947079856,0.955834672,0.955673906,0.941607638,0.931581653,0.917197038,0.897626654,0.920247843,0.983777357,0.958851325,0.986806293,0.967427083,0.950865861,0.966999334,0.958050431,0.939582603,0.930768157,0.923839536,..
Gasto militar (% del PIB),MS.MIL.XPND.GD.ZS,Mundo,WLD,2.165454276,2.199780673,2.302296033,2.361500982,2.360552487,2.362821169,2.328081211,2.292974686,2.359380221,2.588034051,2.491839391,2.394290971,2.351356242,2.289441773,2.240900935,2.244752903,2.202118098,2.161002444,2.140450973,..
Suscripciones a telefonía celular móvil (por cada 100 personas),IT.CEL.SETS.P2,Estados Unidos,USA,38.86183584,45.14982121,49.35962707,55.42732036,63.21739536,69.05236638,77.10934813,82.93180628,86.09952013,89.5449638,92.26777096,95.44904589,97.06859919,98.19768385,111.5562164,119.1439209,122.5945483,123.0448345,129.0140075,..
Suscripciones a telefonía celular móvil (por cada 100 personas),IT.CEL.SETS.P2,Unión Europea,EUU,51.05494833,63.28113578,69.65412878,76.514721,84.55292778,94.61257143,104.2696728,115.2288298,121.3036824,121.054868,118.484805,121.6658278,123.7017455,125.0368716,123.6073881,121.8226938,122.1449179,122.4888957,122.7378393,..
Suscripciones a telefonía celular móvil (por cada 100 personas),IT.CEL.SETS.P2,Japón,JPN,52.36997183,58.58344329,63.42667271,67.66835986,71.35023936,75.18656608,77.73234294,83.53615919,85.88467316,90.4633869,95.9116759,103.3168827,109.8935958,115.2542733,123.1631952,125.4518632,130.5952482,135.5186644,141.4069924,..
Suscripciones a telefonía celular móvil (por cada 100 personas),IT.CEL.SETS.P2,Mundo,WLD,12.04265349,15.47809983,18.51632367,22.22038387,27.29150184,33.75716987,41.553147,50.25002977,59.35997773,67.47875077,76.14281879,83.69515112,87.90751046,92.43855365,96.0296667,97.39316316,100.6927012,102.7564027,106.4349014,..
Exportaciones de productos de alta tecnología (% de las exportaciones de productos manufacturados),TX.VAL.TECH.MF.ZS,Estados Unidos,USA,..,..,..,..,..,..,..,30.51312664,28.97133129,25.00957984,23.11602909,21.06765866,20.65993207,20.65168465,20.99626735,21.94510512,23.01332375,19.69151286,18.89563539,..
Exportaciones de productos de alta tecnología (% de las exportaciones de productos manufacturados),TX.VAL.TECH.MF.ZS,Unión Europea,EUU,..,..,..,..,..,..,..,15.58242509,15.35613331,16.94645141,16.86779537,16.14548676,16.66213808,16.72189472,16.78880449,17.40851955,17.57356196,15.97771206,15.60646242,..
Exportaciones de productos de alta tecnología (% de las exportaciones de productos manufacturados),TX.VAL.TECH.MF.ZS,Japón,JPN,..,..,..,..,..,..,..,20.10549833,18.86632088,20.58591141,19.16402281,18.43133776,18.30271952,17.82179091,17.78850077,18.07003897,17.33983697,17.56046382,17.2676893,..
Exportaciones de productos de alta tecnología (% de las exportaciones de productos manufacturados),TX.VAL.TECH.MF.ZS,Mundo,WLD,..,..,..,..,..,..,..,20.50360553,19.51145624,21.17178355,20.55720604,18.69585391,18.90247759,19.0463823,19.07044143,20.01569208,20.62231037,20.71517044,20.81253165,..
Nivel general de la capacidad estadística (escala 0 - 100),IQ.SCI.OVRL,Estados Unidos,USA,..,..,..,..,..,..,..,..,..,..,..,..,..,..,..,..,..,..,..,..
Nivel general de la capacidad estadística (escala 0 - 100),IQ.SCI.OVRL,Unión Europea,EUU,..,..,..,..,..,..,..,..,..,..,..,..,..,..,..,..,..,..,..,..
Nivel general de la capacidad estadística (escala 0 - 100),IQ.SCI.OVRL,Japón,JPN,..,..,..,..,..,..,..,..,..,..,..,..,..,..,..,..,..,..,..,..
Nivel general de la capacidad estadística (escala 0 - 100),IQ.SCI.OVRL,Mundo,WLD,..,..,..,..,..,..,..,..,..,..,..,..,..,..,..,..,..,..,..,..
Comercio de mercaderías (% del PIB),TG.VAL.TOTL.GD.ZS,Estados Unidos,USA,19.90976608,18.0335684,17.31218409,17.69748507,19.16331181,20.20296605,21.31108803,21.92522136,23.49599425,18.41893097,21.66267061,24.11782171,23.96879199,23.28679249,23.01756273,20.95510533,19.784721,20.29596645,20.82423811,..
Comercio de mercaderías (% del PIB),TG.VAL.TOTL.GD.ZS,Unión Europea,EUU,59.87199766,58.83830051,57.18098403,56.40746814,59.02569077,61.6418248,65.51906719,67.01970277,68.23368923,57.48651062,65.36372771,70.79691386,71.76791129,70.59659615,70.38358389,70.41846756,69.09365521,72.289778,73.77914157,..
Comercio de mercaderías (% del PIB),TG.VAL.TOTL.GD.ZS,Japón,JPN,17.5704664,17.48756268,18.32074597,19.22655738,21.18765236,23.35880298,27.05710671,29.60114509,30.64656714,21.65201956,25.68083865,27.26065797,27.153847,30.03002265,30.97490531,29.00205194,25.42854993,28.19833213,29.90413168,..
Comercio de mercaderías (% del PIB),TG.VAL.TOTL.GD.ZS,Mundo,WLD,39.03252448,37.78966135,38.01996558,39.57897168,42.78522342,44.99689553,47.75756179,48.94929087,51.47627392,41.98893517,46.65532548,50.22456156,49.64823744,49.25689716,48.10262635,44.63536609,42.64908462,44.44480271,46.13920232,..
Índice de términos netos de intercambio (2000 = 100),TT.PRI.MRCH.XD.WD,Estados Unidos,USA,100,102.7979275,104.357067,102.8895769,101.2707722,97.18181818,95.92720971,96.5890183,91.79716629,98.98819562,97.08201893,94.59459459,94.68085106,95.34050179,95.86956522,100,100.0834725,99.594485,99.84264359,..
Índice de términos netos de intercambio (2000 = 100),TT.PRI.MRCH.XD.WD,Unión Europea,EUU,..,..,..,..,..,..,..,..,..,..,..,..,..,..,..,..,..,..,..,..
Índice de términos netos de intercambio (2000 = 100),TT.PRI.MRCH.XD.WD,Japón,JPN,100,100.5555556,100.9873061,97.67662399,92.40563893,83.23281062,75.42372881,71.65845649,62.00846945,74.37145174,67.72606886,61.59802886,60.45855379,59.01942646,58.44424726,66.66666667,72.32854864,68.68033082,64.72751588,..
Índice de términos netos de intercambio (2000 = 100),TT.PRI.MRCH.XD.WD,Mundo,WLD,100,98.25592285,100.3956945,108.9690313,113.9768161,115.0016114,115.8663334,120.21576,123.794177,121.3064265,119.5573443,122.4016016,118.8470935,120.3161711,120.3252025,113.9770547,113.6303398,114.9102643,117.0180844,..
"Deuda externa acumulada, total (DOD, US$ a precios actuales)",DT.DOD.DECT.CD,Estados Unidos,USA,..,..,..,..,..,..,..,..,..,..,..,..,..,..,..,..,..,..,..,..
"Deuda externa acumulada, total (DOD, US$ a precios actuales)",DT.DOD.DECT.CD,Unión Europea,EUU,..,..,..,..,..,..,..,..,..,..,..,..,..,..,..,..,..,..,..,..
"Deuda externa acumulada, total (DOD, US$ a precios actuales)",DT.DOD.DECT.CD,Japón,JPN,..,..,..,..,..,..,..,..,..,..,..,..,..,..,..,..,..,..,..,..
"Deuda externa acumulada, total (DOD, US$ a precios actuales)",DT.DOD.DECT.CD,Mundo,WLD,..,..,..,..,..,..,..,..,..,..,..,..,..,..,..,..,..,..,..,..
"Total del servicio de la deuda (% de exportaciones de bienes, servicios e ingreso)",DT.TDS.DECT.EX.ZS,Estados Unidos,USA,..,..,..,..,..,..,..,..,..,..,..,..,..,..,..,..,..,..,..,..
"Total del servicio de la deuda (% de exportaciones de bienes, servicios e ingreso)",DT.TDS.DECT.EX.ZS,Unión Europea,EUU,..,..,..,..,..,..,..,..,..,..,..,..,..,..,..,..,..,..,..,..
"Total del servicio de la deuda (% de exportaciones de bienes, servicios e ingreso)",DT.TDS.DECT.EX.ZS,Japón,JPN,..,..,..,..,..,..,..,..,..,..,..,..,..,..,..,..,..,..,..,..
"Total del servicio de la deuda (% de exportaciones de bienes, servicios e ingreso)",DT.TDS.DECT.EX.ZS,Mundo,WLD,..,..,..,..,..,..,..,..,..,..,..,..,..,..,..,..,..,..,..,..
Migración neta,SM.POP.NETM,Estados Unidos,USA,..,..,5334893,..,..,..,..,5428756,..,..,..,..,4961716,..,..,..,..,4774029,..,..
Migración neta,SM.POP.NETM,Unión Europea,EUU,..,..,6853594,..,..,..,..,3767581,..,..,..,..,3377263,..,..,..,..,4281648,..,..
Migración neta,SM.POP.NETM,Japón,JPN,..,..,164199,..,..,..,..,277580,..,..,..,..,358133,..,..,..,..,357800,..,..
Migración neta,SM.POP.NETM,Mundo,WLD,..,..,0,..,..,..,..,0,..,..,..,..,0,..,..,..,..,0,..,..
"Transferencias personales y remuneración de empleados, recibidos (balanza de pagos, US$ a precios actuales)",BX.TRF.PWKR.CD.DT,Estados Unidos,USA,4395000000,4513000000,4570000000,4672000000,4734000000,4795000000,5068000000,5219000000,5364000000,5740000000,5930000000,6104000000,6303000000,6613000000,6503000000,6578000000,6330000000,6126000000,6668000000,6835000000
"Transferencias personales y remuneración de empleados, recibidos (balanza de pagos, US$ a precios actuales)",BX.TRF.PWKR.CD.DT,Unión Europea,EUU,29719401979,31573494344,35556406607,44902017891,53809096258,59399218937,66839211427,80688890557,93863774753,88540451736,89348770597,99040424617,96573035808,1.09935E+11,1.14486E+11,1.05324E+11,1.06264E+11,1.12217E+11,1.19538E+11,1.18191E+11
"Transferencias personales y remuneración de empleados, recibidos (balanza de pagos, US$ a precios actuales)",BX.TRF.PWKR.CD.DT,Japón,JPN,773406710.4,1249546432,1126867033,811141120.6,773574711.1,904981240.7,1176988480,1383930644,1732378923,1594532178,1684468955,2131729225,2539577665,2363853398,3733912542,3325097903,3830448522,4443028775,4369453719,4373839725
"Transferencias personales y remuneración de empleados, recibidos (balanza de pagos, US$ a precios actuales)",BX.TRF.PWKR.CD.DT,Mundo,WLD,1.2177E+11,1.32149E+11,1.53024E+11,1.88325E+11,2.16369E+11,2.53076E+11,2.93234E+11,3.50397E+11,4.04899E+11,3.88398E+11,4.19476E+11,4.70786E+11,4.95482E+11,5.26839E+11,5.63541E+11,5.68573E+11,5.57055E+11,5.94055E+11,6.38607E+11,6.53323E+11
"Inversión extranjera directa, entrada neta de capital (balanza de pagos, US$ a precios actuales)",BX.KLT.DINV.CD.WD,Estados Unidos,USA,3.49125E+11,1.72496E+11,1.11055E+11,1.17106E+11,2.13641E+11,1.42344E+11,2.98463E+11,3.46613E+11,3.41092E+11,1.61083E+11,2.64039E+11,2.63497E+11,2.50345E+11,2.88131E+11,2.51856E+11,5.09087E+11,4.94439E+11,3.54649E+11,2.5839E+11,3.10811E+11
"Inversión extranjera directa, entrada neta de capital (balanza de pagos, US$ a precios actuales)",BX.KLT.DINV.CD.WD,Unión Europea,EUU,6.33987E+11,3.66253E+11,2.95344E+11,2.93508E+11,3.13828E+11,7.31279E+11,9.1186E+11,1.47751E+12,8.28461E+11,4.78991E+11,5.39436E+11,8.77922E+11,5.70885E+11,5.88631E+11,4.19824E+11,7.69423E+11,7.14186E+11,4.28328E+11,71905793706,..
"Inversión extranjera directa, entrada neta de capital (balanza de pagos, US$ a precios actuales)",BX.KLT.DINV.CD.WD,Japón,JPN,10688168326,4926033619,11557373874,8771535612,7527948175,5459618343,-2396909736,21631204436,24624845330,12226471579,7440979284,-850717035.1,546962692.2,10648441636,19752249424,5252218412,40954181469,18802251208,24605910854,37176832958
"Inversión extranjera directa, entrada neta de capital (balanza de pagos, US$ a precios actuales)",BX.KLT.DINV.CD.WD,Mundo,WLD,1.56912E+12,8.955E+11,7.55583E+11,7.37213E+11,1.01043E+12,1.56348E+12,2.2026E+12,3.13587E+12,2.47803E+12,1.44687E+12,1.91674E+12,2.3657E+12,2.06526E+12,2.18445E+12,1.9426E+12,2.67551E+12,2.6729E+12,2.06603E+12,1.34995E+12,..
Ayuda oficial neta para el desarrollo y oficial neta recibidas (US$ a precios actuales),DT.ODA.ALLD.CD,Estados Unidos,USA,..,..,..,..,..,..,..,..,..,..,..,..,..,..,..,..,..,..,..,..
Ayuda oficial neta para el desarrollo y oficial neta recibidas (US$ a precios actuales),DT.ODA.ALLD.CD,Unión Europea,EUU,3388050032,3439329993,2584620002,3644570000,4659490049,123459999.1,196509994.5,162910003.7,241059997.6,168830001.8,131550003.1,280000.0012,..,..,..,..,..,..,..,..
Ayuda oficial neta para el desarrollo y oficial neta recibidas (US$ a precios actuales),DT.ODA.ALLD.CD,Japón,JPN,..,..,..,..,..,..,..,..,..,..,..,..,..,..,..,..,..,..,..,..
Ayuda oficial neta para el desarrollo y oficial neta recibidas (US$ a precios actuales),DT.ODA.ALLD.CD,Mundo,WLD,55205401367,56140799316,65917980957,76113930176,86086149902,1.07131E+11,1.05529E+11,1.06658E+11,1.24677E+11,1.24451E+11,1.28634E+11,1.39536E+11,1.33768E+11,1.51145E+11,1.61517E+11,1.46729E+11,1.58805E+11,1.64987E+11,1.65785E+11,..
"Desempleo, mujeres (% de la población activa femenina) (estimación modelado OIT)",SL.UEM.TOTL.FE.ZS,Estados Unidos,USA,4.099999905,4.652999878,5.610000134,5.660999775,5.396999836,5.097000122,4.626999855,4.500999928,5.418000221,8.059000015,8.612000465,8.458999634,7.889999866,7.071000099,6.059000015,5.177000046,4.788000107,4.308000088,3.836999893,3.615999937
"Desempleo, mujeres (% de la población activa femenina) (estimación modelado OIT)",SL.UEM.TOTL.FE.ZS,Unión Europea,EUU,11.50186095,10.54158343,10.68581724,10.62079069,10.775136,10.56827201,9.599148763,8.323156978,7.887027289,9.261117638,9.934114329,10.07251319,10.96668597,11.47107675,11.04143883,10.19017329,9.39351084,8.442319404,7.583233235,7.029246313
"Desempleo, mujeres (% de la población activa femenina) (estimación modelado OIT)",SL.UEM.TOTL.FE.ZS,Japón,JPN,4.462999821,4.703000069,5.15899992,4.940999985,4.403999805,4.165999889,3.867000103,3.779999971,3.822999954,4.808000088,4.631000042,4.138999939,3.954999924,3.657999992,3.426000118,3.112999916,2.813999891,2.63499999,2.177999973,2.144999981
"Desempleo, mujeres (% de la población activa femenina) (estimación modelado OIT)",SL.UEM.TOTL.FE.ZS,Mundo,WLD,5.941915883,5.987988965,6.241444926,6.368002657,6.270257159,6.175232274,5.853630548,5.586692388,5.476178079,6.092388335,6.079796258,5.961715696,5.922203821,5.914361292,5.786910225,5.828769721,5.876087527,5.776397105,5.580750916,5.581494298
"Desempleo, total (% de la población activa total) (estimación modelado OIT)",SL.UEM.TOTL.ZS,Estados Unidos,USA,3.992000103,4.730999947,5.782999992,5.988999844,5.528999805,5.083000183,4.623000145,4.622000217,5.78399992,9.25399971,9.633000374,8.949000359,8.069000244,7.375,6.168000221,5.28000021,4.868999958,4.355000019,3.895999908,3.681999922
"Desempleo, total (% de la población activa total) (estimación modelado OIT)",SL.UEM.TOTL.ZS,Unión Europea,EUU,9.82330601,9.19577176,9.541026903,9.646565749,9.882084208,9.569838245,8.625277589,7.448055923,7.200041777,9.116646463,9.795710982,9.836140727,10.80260593,11.32309836,10.84334541,10.02373905,9.124778233,8.135618676,7.269401542,6.663976239
"Desempleo, total (% de la población activa total) (estimación modelado OIT)",SL.UEM.TOTL.ZS,Japón,JPN,4.699999809,5,5.400000095,5.300000191,4.699999809,4.400000095,4.099999905,3.900000095,4,5.099999905,5.099999905,4.520999908,4.300000191,4,3.599999905,3.400000095,3.099999905,2.799999952,2.400000095,2.290999889
"Desempleo, total (% de la población activa total) (estimación modelado OIT)",SL.UEM.TOTL.ZS,Mundo,WLD,5.77399843,5.853954221,6.113162801,6.188533721,6.015972362,5.90129842,5.594057523,5.353513022,5.352536124,6.003151787,5.922201988,5.803589453,5.774086013,5.773223382,5.632921821,5.637490039,5.669694379,5.569701353,5.391888968,5.394513603
"Desempleo, varones (% de la población activa masculina) (estimación modelado OIT)",SL.UEM.TOTL.MA.ZS,Estados Unidos,USA,3.901000023,4.796999931,5.928999901,6.265999794,5.639999866,5.072000027,4.618999958,4.724999905,6.096000195,10.27999973,10.51000023,9.369000435,8.222000122,7.632999897,6.260000229,5.367000103,4.938000202,4.395999908,3.946000099,3.737999916
"Desempleo, varones (% de la población activa masculina) (estimación modelado OIT)",SL.UEM.TOTL.MA.ZS,Unión Europea,EUU,8.528369784,8.153625122,8.649204455,8.88118254,9.176148458,8.777365101,7.845757471,6.744239278,6.644546876,8.998254332,9.681878546,9.640190692,10.66538645,11.19837607,10.67626835,9.883847752,8.89737966,7.876073042,7.00353588,6.354226833
"Desempleo, varones (% de la población activa masculina) (estimación modelado OIT)",SL.UEM.TOTL.MA.ZS,Japón,JPN,4.860000134,5.203000069,5.56400013,5.546000004,4.903999805,4.563000202,4.263000011,3.983999968,4.125,5.308000088,5.43599987,4.795000076,4.548999786,4.250999928,3.729000092,3.61500001,3.316999912,2.927000046,2.573999882,2.405999899
"Desempleo, varones (% de la población activa masculina) (estimación modelado OIT)",SL.UEM.TOTL.MA.ZS,Mundo,WLD,5.664300964,5.766383308,6.02956002,6.071535099,5.850174587,5.72234541,5.425225181,5.202059915,5.272461714,5.945782404,5.821014394,5.702742644,5.679535563,5.68337283,5.535245159,5.516119927,5.538441896,5.438023395,5.271217172,5.275648282
"Población activa, total",SL.TLF.TOTL.IN,Estados Unidos,USA,146729576,147698388,148526037,149140813,150211571,152071960,153931108,155224880,157006864,157109264,156903447,156975333,158636184,158755710,159532062,160596354,162547573,164268059,165483017,166082835
"Población activa, total",SL.TLF.TOTL.IN,Unión Europea,EUU,199217046,199487250,200144636,201933394,203395227,205365646,206996811,208540629,210215521,210743587,211354253,210739030,212039861,212597037,213265285,213640167,214618312,215671511,216488451,215928189
"Población activa, total",SL.TLF.TOTL.IN,Japón,JPN,67652881,67601019,67173003,67065336,66725257,66734012,66802058,67143470,67100796,66914282,66663144,66043052,65639408,65970039,66175617,66363530,66850743,67288388,68358370,68048596
"Población activa, total",SL.TLF.TOTL.IN,Mundo,WLD,2760410612,2797040580,2838912969,2883821977,2932247001,2978118240,3014743223,3054910370,3090361014,3123387038,3152655443,3183946265,3218194184,3250599724,3283330912,3319710285,3354403108,3391647862,3427481440,3459586765
"Población de 65 años de edad y más, hombres",SP.POP.65UP.MA.IN,Estados Unidos,USA,14414059,14620751,14818992,15016619,15239541,15480384,15790766,16118061,16483342,16901413,17391871,17962743,18603482,19289958,20015668,20761867,21550046,22314476,23058935,..
"Población de 65 años de edad y más, hombres",SP.POP.65UP.MA.IN,Unión Europea,EUU,26983341,27574609,28190807,28822235,29404371,29908385,30480380,30977641,31440947,31918126,32456153,33001840,33755536,34601585,35454260,36267554,37089281,37838290,38556689,..
"Población de 65 años de edad y más, hombres",SP.POP.65UP.MA.IN,Japón,JPN,8956200,9282301,9608821,9936892,10251173,10568710,10885517,11201906,11520347,11864448,12257292,12640688,13061619,13497300,13914095,14294734,14634284,14930064,15185127,..
"Población de 65 años de edad y más, hombres",SP.POP.65UP.MA.IN,Mundo,WLD,182952454,188218654,193541290,198763477,203579405,207872757,212957354,217597595,222107021,226798888,231918472,238213477,244914071,252106319,260008753,268746349,279268134,290411331,301860619,..
"Población de 65 años de edad y más, mujeres",SP.POP.65UP.FE.IN,Estados Unidos,USA,20387123,20469861,20534403,20601784,20724462,20902768,21152004,21452009,21818559,22251373,22763564,23320072,23957268,24649583,25398693,26188371,26999911,27796212,28582660,..
"Población de 65 años de edad y más, mujeres",SP.POP.65UP.FE.IN,Unión Europea,EUU,40416964,40935135,41510324,42133057,42723982,43248039,43743438,44167962,44565794,44992413,45507432,45918187,46622329,47480483,48384702,49271108,50063869,50801131,51530044,..
"Población de 65 años de edad y más, mujeres",SP.POP.65UP.FE.IN,Japón,JPN,12587381,12978169,13370380,13766451,14148188,14541693,14912658,15291655,15675525,16087526,16555986,16963837,17414552,17887816,18350685,18786503,19136532,19441927,19708026,..
"Población de 65 años de edad y más, mujeres",SP.POP.65UP.FE.IN,Mundo,WLD,237176353,242573155,248226002,253971693,259457917,264534249,269942107,274996267,280057565,285514656,291676040,298568959,306233426,314699076,324104379,334532624,346160757,358609161,371579629,..
"Población de 65 años de edad y más, total",SP.POP.65UP.TO,Estados Unidos,USA,34801176,35090876,35353639,35618525,35964061,36383151,36942166,37569159,38300984,39152172,40155435,41282103,42559976,43939066,45414232,46950237,48549959,50110709,51641630,..
"Población de 65 años de edad y más, total",SP.POP.65UP.TO,Unión Europea,EUU,67400323,68508730,69700019,70954595,72128136,73156433,74223643,75144939,76005592,76909417,77963571,78917515,80374178,82078616,83836853,85538662,87152447,88638593,90085964,..
"Población de 65 años de edad y más, total",SP.POP.65UP.TO,Japón,JPN,21543580,22260296,22978947,23703098,24399197,25110400,25797976,26493151,27195327,27951519,28813280,29603888,30475171,31384095,32264097,33081239,33770147,34370970,34892133,..
"Población de 65 años de edad y más, total",SP.POP.65UP.TO,Mundo,WLD,420128869,430789741,441763952,452731716,463035050,472407100,482896162,492589391,502160379,512310767,523594518,536777826,551140642,566798712,584108969,603278969,625426009,649016774,673436939,..
"Población entre 0 y 14 años de edad, hombres",SP.POP.0014.MA.IN,Estados Unidos,USA,31330276,31396354,31501156,31584885,31622791,31577348,31782381,31886002,31928302,31946371,31967004,31898118,31801547,31687668,31593585,31510030,31404869,31327678,31239420,..
"Población entre 0 y 14 años de edad, hombres",SP.POP.0014.MA.IN,Unión Europea,EUU,37177191,36683582,36239064,35865768,35545528,35275100,35150050,35079113,35040329,34982826,34882066,34828360,34793521,34749885,34726527,34736210,34691936,34714260,34775123,..
"Población entre 0 y 14 años de edad, hombres",SP.POP.0014.MA.IN,Japón,JPN,9625977,9515389,9398422,9283012,9167575,9072012,8983847,8928017,8883347,8834377,8781659,8732166,8675816,8613124,8547248,8479674,8420062,8340585,8247185,..
"Población entre 0 y 14 años de edad, hombres",SP.POP.0014.MA.IN,Mundo,WLD,949936770,951979507,951337841,949166238,947539333,947552199,949437926,952666280,957118860,961941811,966669617,972251569,977693169,983081263,988580820,994159413,1000025001,1005787566,1011137062,..
"Población entre 0 y 14 años de edad, mujeres",SP.POP.0014.FE.IN,Estados Unidos,USA,29907093,29953328,30039941,30115848,30158889,30129872,30332735,30438116,30486117,30509793,30530820,30491299,30409425,30300803,30208459,30127998,30029421,29959876,29880716,..
"Población entre 0 y 14 años de edad, mujeres",SP.POP.0014.FE.IN,Unión Europea,EUU,35331567,34867727,34445583,34089653,33785243,33529537,33395964,33319358,33278780,33222483,33121786,33057673,33010219,32952136,32911492,32900347,32849579,32858413,32903910,..
"Población entre 0 y 14 años de edad, mujeres",SP.POP.0014.FE.IN,Japón,JPN,9126335,9021855,8910849,8800893,8690637,8598839,8515507,8463087,8421074,8374067,8321810,8277190,8225217,8165949,8102183,8035159,7980334,7906038,7817817,..
"Población entre 0 y 14 años de edad, mujeres",SP.POP.0014.FE.IN,Mundo,WLD,893280463,894521217,892966461,889858375,887364917,886624808,887674407,890214897,894101647,898428955,902703156,908010567,913219073,918423603,923800942,929317279,935328390,941262629,946850097,..
"Población entre 0 y 14 años de edad, total",SP.POP.0014.TO,Estados Unidos,USA,61237370,61349552,61540958,61700652,61781645,61707218,62115320,62324459,62414797,62456435,62497826,62389679,62211250,61988641,61802095,61638027,61434232,61287489,61120095,..
"Población entre 0 y 14 años de edad, total",SP.POP.0014.TO,Unión Europea,EUU,72508771,71551630,70685008,69955653,69330853,68804626,68546087,68398708,68319523,68205703,68003865,67886842,67804934,67703125,67638708,67636573,67541776,67573005,67679351,..
"Población entre 0 y 14 años de edad, total",SP.POP.0014.TO,Japón,JPN,18752313,18537284,18309332,18083961,17858252,17670854,17499393,17391195,17304542,17208544,17103469,17009491,16901251,16779297,16649583,16514831,16400528,16246827,16065209,..
"Población entre 0 y 14 años de edad, total",SP.POP.0014.TO,Mundo,WLD,1843217225,1846494859,1844294891,1839014803,1834897738,1834176990,1837112292,1842883827,1851225924,1860376010,1869372815,1880268991,1890920283,1901511105,1912385201,1923476702,1935358125,1947058373,1957996874,..
"Población entre 15 y 64 años de edad, hombres",SP.POP.1564.MA.IN,Estados Unidos,USA,93239646,94410726,95474911,96471064,97587329,98768475,99695551,100693346,101717388,102625726,103405231,104049469,104679561,105229771,105788452,106319959,106806372,107149699,107346573,..
"Población entre 15 y 64 años de edad, hombres",SP.POP.1564.MA.IN,Unión Europea,EUU,144851384,145066056,145423802,145967633,146546226,147100873,147366627,147668376,147934404,148025937,147900423,147041562,146664700,146418095,146175382,145889436,145654074,145294518,144936889,..
"Población entre 15 y 64 años de edad, hombres",SP.POP.1564.MA.IN,Japón,JPN,43707887,43615246,43524231,43419292,43215631,42973812,42759264,42545551,42278072,41952994,41604516,41137820,40659104,40183780,39739205,39349870,38988697,38661365,38365439,..
"Población entre 15 y 64 años de edad, hombres",SP.POP.1564.MA.IN,Mundo,WLD,1944338062,1977317436,2012898903,2050233932,2087738618,2124394076,2158768472,2192471984,2225660891,2258177862,2290075212,2319165198,2348801393,2378401538,2407546691,2435915269,2462572821,2488493425,2513570542,..
"Población entre 15 y 64 años de edad, mujeres",SP.POP.1564.FE.IN,Estados Unidos,USA,92884214,94117935,95255789,96317733,97472285,98657753,99626475,100643672,101660259,102536853,103263176,103835172,104379707,104835932,105296151,105726939,106150693,106437598,106579196,..
"Población entre 15 y 64 años de edad, mujeres",SP.POP.1564.FE.IN,Unión Europea,EUU,144568168,144768523,145072358,145537594,146034888,146520012,146861590,147255954,147616420,147776012,147664549,146899361,146549627,146267291,145924299,145479100,145136345,144625627,144083636,..
"Población entre 15 y 64 años de edad, mujeres",SP.POP.1564.FE.IN,Japón,JPN,42839220,42736040,42632297,42511460,42287796,42017934,41797207,41570784,41284635,40933588,40548737,40081298,39592692,39097031,38622584,38195060,37834602,37505818,37205507,..
"Población entre 15 y 64 años de edad, mujeres",SP.POP.1564.FE.IN,Mundo,WLD,1904116650,1936530565,1971223387,2007338808,2043337178,2078256581,2111453512,2143773746,2175412341,2206281587,2236434970,2264296046,2292589146,2320663107,2347987943,2374183731,2398890779,2422523214,2445023359,..
"Población entre 15 y 64 años de edad, total",SP.POP.1564.TO,Estados Unidos,USA,186123865,188528528,190730595,192788756,195059592,197426230,199322426,201337589,203378186,205162922,206668404,207885093,209059763,210066008,211084681,212046899,212957120,213587340,213925776,..
"Población entre 15 y 64 años de edad, total",SP.POP.1564.TO,Unión Europea,EUU,289419527,289835272,290496921,291505694,292581249,293620893,294228323,294924755,295551560,295802677,295564975,293942620,293216813,292687731,292101100,291368526,290790854,289920642,289020974,..
"Población entre 15 y 64 años de edad, total",SP.POP.1564.TO,Japón,JPN,86547107,86351420,86156721,85930942,85503551,84991747,84556631,84116655,83563130,82886937,82153251,81219621,80252578,79281609,78362321,77544929,76823835,76168000,75571759,..
"Población entre 15 y 64 años de edad, total",SP.POP.1564.TO,Mundo,WLD,3848454670,3913855934,3984135046,4057586010,4131084573,4202650595,4270225325,4336247546,4401072020,4464456992,4526510133,4583458995,4641389354,4699065073,4755535355,4810098991,4861461723,4911012178,4958587504,..
"Población activa, mujeres (% de la población activa total)",SL.TLF.TOTL.FE.ZS,Estados Unidos,USA,45.56264512,45.6214925,45.67336567,45.82367135,45.75482604,45.78730688,45.76963741,45.82259042,45.97300854,46.18004003,46.1838904,46.1111441,45.93917299,45.91003624,45.96584792,45.86337745,45.87067996,46.02508331,46.0536745,46.03111754
"Población activa, mujeres (% de la población activa total)",SL.TLF.TOTL.FE.ZS,Unión Europea,EUU,43.55232872,43.64378281,43.78733537,43.99929888,44.13903933,44.24740927,44.45184477,44.57560018,44.72240568,44.97392184,45.14588479,45.33792888,45.51158241,45.65044273,45.72787895,45.74019097,45.80899885,45.83351666,45.84576158,45.8732389
"Población activa, mujeres (% de la población activa total)",SL.TLF.TOTL.FE.ZS,Japón,JPN,40.35360002,40.55620079,40.52404803,40.69544213,40.8528123,40.99796817,41.12442165,41.11939553,41.25954929,41.59181593,41.73433824,41.76523217,41.93683008,42.34860616,42.59072794,42.80516573,43.11094792,43.50272145,43.9358633,44.02415591
"Población activa, mujeres (% de la población activa total)",SL.TLF.TOTL.FE.ZS,Mundo,WLD,39.49347681,39.47470862,39.47569687,39.50919927,39.48706097,39.50303702,39.4143957,39.3723637,39.26179608,39.22134867,39.10182452,38.99826591,38.90701891,38.88186784,38.86416105,38.87177636,38.88328187,38.89739185,38.91647163,38.84903288
,,,,,,,,,,,,,,,,,,,,,,,
,,,,,,,,,,,,,,,,,,,,,,,
,,,,,,,,,,,,,,,,,,,,,,,
Data from Database: Indicadores del desarrollo mundial,,,,,,,,,,,,,,,,,,,,,,,
Last Updated: 05/28/2020,,,,,,,,,,,,,,,,,,,,,,,
